{"_wandb": {"runtime": 74}, "train/box_loss": 5.91912, "train/cls_loss": 4.4958, "train/dfl_loss": 2.59009, "_timestamp": 1721061727.72524, "lr/pg0": 0.0, "lr/pg1": 0.0, "lr/pg2": 0.0, "metrics/precision(B)": 0.0, "metrics/recall(B)": 0.0, "metrics/mAP50(B)": 0.0, "metrics/mAP50-95(B)": 0.0, "val/box_loss": 5.68983, "val/cls_loss": 3.99592, "val/dfl_loss": 2.02296, "labels": {"_type": "image-file", "sha256": "d9fec5616f2d3ff11490124a33896f0571359da09575b9959e55ddd80d94f1cf", "size": 169455, "path": "media/images/labels_1_d9fec5616f2d3ff11490.jpg", "format": "jpg", "width": 1600, "height": 1600}, "train_batch0": {"_type": "image-file", "sha256": "1d242aeb4852efc69a94a35253ccb15367b958062718d152cddd4718b6b4dea4", "size": 729164, "path": "media/images/train_batch0_1_1d242aeb4852efc69a94.jpg", "format": "jpg", "width": 1920, "height": 1920}, "model/parameters": 3011043, "model/GFLOPs": 8.194, "model/speed_PyTorch(ms)": 288.491, "_runtime": 60.79461693763733, "_step": 1}